<?xml version="1.0" encoding="UTF-8"?>
<!DOCTYPE hibernate-configuration PUBLIC
        "-//Hibernate/Hibernate Configuration DTD 3.0//EN"
        "http://hibernate.sourceforge.net/hibernate-configuration-3.0.dtd">

<hibernate-configuration>

	<session-factory>

		<!-- Database connection settings -->
		<property name="hibernate.dialect">org.hibernate.dialect.Oracle10gDialect</property>
		<property name="connection.driver_class">oracle.jdbc.driver.OracleDriver</property>
		<property name="connection.url">jdbc:oracle:thin:@LOCALHOST:1521:XE</property>
		<property name="connection.username">system</property>
		<property name="connection.password">Capgemini123</property>
		<property name="hibernate.hbm2ddl.auto">update</property>
		<property name="show_sql">true</property>

		<mapping class="com.cg.ikea.beans.GiftCards" />

	</session-factory>

</hibernate-configuration>